<?xml version="1.0" encoding="UTF-8"?>
<cars>
    <cars>
        <carMake>Mitsubishi</carMake>
        <carModel>Tundra</carModel>
        <year>2009</year>
        <plateNumber>JA9315IL</plateNumber>
        <kilometers>256754</kilometers>
        <engine>1.2</engine>
        <carType>SUV</carType>
    </cars>
    <cars>
        <carMake>MitsubishiAventadorBmwLamborghiniOpelBentley</carMake>
        <carModel>Tundra</carModel>
        <year>2009</year>
        <plateNumber>QA7315IL</plateNumber>
        <kilometers>251754</kilometers>
        <engine>1.3</engine>
        <carType>SUV</carType>
    </cars>
    <cars>
        <carMake>Hyundai</carMake>
        <carModel>Tiburon</carModel>
        <year>2006</year>
        <plateNumber>JA9315IL</plateNumber>
        <kilometers>18862</kilometers>
        <engine>2.2</engine>
        <carType>SUV</carType>
    </cars>
    <cars>
        <carMake>Land Rover</carMake>
        <carModel>Range Rover</carModel>
        <year>1996</year>
        <plateNumber>NR9360PI</plateNumber>
        <kilometers>159069</kilometers>
        <engine>2.6</engine>
        <carType>SUV</carType>
    </cars>
    <cars>
        <carMake>Dodge</carMake>
        <carModel>Intrepid</carModel>
        <year>2001</year>
        <plateNumber>OY9924GE</plateNumber>
        <kilometers>127029</kilometers>
        <engine>2.3</engine>
        <carType>sport</carType>
    </cars>
    <cars>
        <carMake>Dodge</carMake>
        <carModel>Viper</carModel>
        <year>2002</year>
        <plateNumber>OY9924GE</plateNumber>
        <kilometers>17029</kilometers>
        <engine>0.5</engine>
        <carType>sport</carType>
    </cars>
    <cars>
        <carMake>Honda</carMake>
        <carModel>S2000</carModel>
        <year>2006</year>
        <plateNumber>JH5373JS</plateNumber>
        <kilometers>304688</kilometers>
        <engine>1.4</engine>
        <carType>SUV</carType>
    </cars>
    <cars>
        <carMake>Audi</carMake>
        <carModel>A8</carModel>
        <year>1998</year>
        <plateNumber>HV6403FF</plateNumber>
        <kilometers>345548</kilometers>
        <engine>2.8</engine>
        <carType>coupe</carType>
    </cars>
    <cars>
        <carMake>Mercedes-Benz</carMake>
        <carModel>E-Class</carModel>
        <year>1989</year>
        <plateNumber>QG6363GJ</plateNumber>
        <kilometers>329396</kilometers>
        <engine>1.9</engine>
        <carType>SUV</carType>
    </cars>
    <cars>
        <carMake>Infiniti</carMake>
        <carModel>II</carModel>
        <year>2003</year>
        <plateNumber>BY3545TD</plateNumber>
        <kilometers>290806</kilometers>
        <engine>2.7</engine>
        <carType>SUV</carType>
    </cars>
    <cars>
        <carMake>BMW</carMake>
        <carModel>325</carModel>
        <year>2004</year>
        <plateNumber>OH2442XY</plateNumber>
        <kilometers>279753</kilometers>
        <engine>1.6</engine>
        <carType>sport</carType>
    </cars>
    <cars>
        <carMake>Ferrari</carMake>
        <carModel>599 GTB Fiorano</carModel>
        <year>2009</year>
        <plateNumber>MJ3621LP</plateNumber>
        <kilometers>78182</kilometers>
        <engine>2</engine>
        <carType>coupe</carType>
    </cars>
    <cars>
        <carMake>BMW</carMake>
        <carModel>3 Series</carModel>
        <year>2009</year>
        <plateNumber>HT4025NI</plateNumber>
        <kilometers>163477</kilometers>
        <engine>2.9</engine>
        <carType>sport</carType>
    </cars>
    <cars>
        <carMake>Saab</carMake>
        <carModel>900</carModel>
        <year>1991</year>
        <plateNumber>OG3270QA</plateNumber>
        <kilometers>265506</kilometers>
        <engine>1.4</engine>
        <carType>coupe</carType>
    </cars>
    <cars>
        <carMake>Nissan</carMake>
        <carModel>Quest</carModel>
        <year>2005</year>
        <plateNumber>JW8520XS</plateNumber>
        <kilometers>283813</kilometers>
        <engine>2.7</engine>
        <carType>coupe</carType>
    </cars>
    <cars>
        <carMake>Dodge</carMake>
        <carModel>Intrepid</carModel>
        <year>1994</year>
        <plateNumber>PM1335EQ</plateNumber>
        <kilometers>339010</kilometers>
        <engine>1.1</engine>
        <carType>coupe</carType>
    </cars>
    <cars>
        <carMake>Pontiac</carMake>
        <carModel>Trans Sport</carModel>
        <year>1995</year>
        <plateNumber>DX7507XY</plateNumber>
        <kilometers>91429</kilometers>
        <engine>1.1</engine>
        <carType>sport</carType>
    </cars>
    <cars>
        <carMake>Lincoln</carMake>
        <carModel>MKX</carModel>
        <year>2013</year>
        <plateNumber>LH8833NL</plateNumber>
        <kilometers>191137</kilometers>
        <engine>1.9</engine>
        <carType>SUV</carType>
    </cars>
    <cars>
        <carMake>Saab</carMake>
        <carModel>9-5</carModel>
        <year>2006</year>
        <plateNumber>OG2403NL</plateNumber>
        <kilometers>80671</kilometers>
        <engine>2</engine>
        <carType>sport</carType>
    </cars>
    <cars>
        <carMake>Honda</carMake>
        <carModel>Civic</carModel>
        <year>2011</year>
        <plateNumber>FP4388LX</plateNumber>
        <kilometers>314484</kilometers>
        <engine>1.5</engine>
        <carType>coupe</carType>
    </cars>
    <cars>
        <carMake>Mazda</carMake>
        <carModel>MPV</carModel>
        <year>1993</year>
        <plateNumber>BL4032DF</plateNumber>
        <kilometers>139040</kilometers>
        <engine>2</engine>
        <carType>coupe</carType>
    </cars>
    <cars>
        <carMake>Buick</carMake>
        <carModel>Coachbuilder</carModel>
        <year>1995</year>
        <plateNumber>YH2964LW</plateNumber>
        <kilometers>97889</kilometers>
        <engine>1.5</engine>
        <carType>sport</carType>
    </cars>
    <cars>
        <carMake>Dodge</carMake>
        <carModel>D150</carModel>
        <year>1992</year>
        <plateNumber>ED6655KW</plateNumber>
        <kilometers>256385</kilometers>
        <engine>2.8</engine>
        <carType>SUV</carType>
    </cars>
    <cars>
        <carMake>Acura</carMake>
        <carModel>RL</carModel>
        <year>2008</year>
        <plateNumber>CK4020DO</plateNumber>
        <kilometers>122702</kilometers>
        <engine>3</engine>
        <carType>coupe</carType>
    </cars>
    <cars>
        <carMake>Saab</carMake>
        <carModel>9000</carModel>
        <year>1999</year>
        <plateNumber>ZM6516GD</plateNumber>
        <kilometers>81101</kilometers>
        <engine>1.7</engine>
        <carType>sport</carType>
    </cars>
    <cars>
        <carMake>Buick</carMake>
        <carModel>Regal</carModel>
        <year>1987</year>
        <plateNumber>PB7870EX</plateNumber>
        <kilometers>291780</kilometers>
        <engine>1.5</engine>
        <carType>sport</carType>
    </cars>
    <cars>
        <carMake>Ford</carMake>
        <carModel>F150</carModel>
        <year>2006</year>
        <plateNumber>JJ2481JC</plateNumber>
        <kilometers>301570</kilometers>
        <engine>2.2</engine>
        <carType>SUV</carType>
    </cars>
    <cars>
        <carMake>Chevrolet</carMake>
        <carModel>Express 3500</carModel>
        <year>2010</year>
        <plateNumber>OQ3347RV</plateNumber>
        <kilometers>210691</kilometers>
        <engine>2.5</engine>
        <carType>sport</carType>
    </cars>
    <cars>
        <carMake>Pontiac</carMake>
        <carModel>Torrent</carModel>
        <year>2007</year>
        <plateNumber>WN3421OU</plateNumber>
        <kilometers>197012</kilometers>
        <engine>1.1</engine>
        <carType>coupe</carType>
    </cars>
    <cars>
        <carMake>Volkswagen</carMake>
        <carModel>CC</carModel>
        <year>2009</year>
        <plateNumber>NV3327PZ</plateNumber>
        <kilometers>236751</kilometers>
        <engine>2.4</engine>
        <carType>SUV</carType>
    </cars>
    <cars>
        <carMake>Cadillac</carMake>
        <carModel>XLR</carModel>
        <year>2004</year>
        <plateNumber>XZ9047NP</plateNumber>
        <kilometers>206485</kilometers>
        <engine>1.6</engine>
        <carType>SUV</carType>
    </cars>
    <cars>
        <carMake>BMW</carMake>
        <carModel>545</carModel>
        <year>2004</year>
        <plateNumber>XX6007PW</plateNumber>
        <kilometers>197926</kilometers>
        <engine>1.6</engine>
        <carType>coupe</carType>
    </cars>
    <cars>
        <carMake>Chevrolet</carMake>
        <carModel>Aveo</carModel>
        <year>2008</year>
        <plateNumber>YA4204ZV</plateNumber>
        <kilometers>219393</kilometers>
        <engine>3</engine>
        <carType>SUV</carType>
    </cars>
    <cars>
        <carMake>Lexus</carMake>
        <carModel>IS-F</carModel>
        <year>2009</year>
        <plateNumber>BG5643BO</plateNumber>
        <kilometers>285002</kilometers>
        <engine>2.6</engine>
        <carType>SUV</carType>
    </cars>
    <cars>
        <carMake>Jeep</carMake>
        <carModel>Wrangler</carModel>
        <year>1995</year>
        <plateNumber>FA2095MC</plateNumber>
        <kilometers>292812</kilometers>
        <engine>2</engine>
        <carType>SUV</carType>
    </cars>
    <cars>
        <carMake>Pontiac</carMake>
        <carModel>Bonneville</carModel>
        <year>1996</year>
        <plateNumber>VJ8884FW</plateNumber>
        <kilometers>79595</kilometers>
        <engine>2.5</engine>
        <carType>sport</carType>
    </cars>
    <cars>
        <carMake>Subaru</carMake>
        <carModel>Legacy</carModel>
        <year>1995</year>
        <plateNumber>MF3027YH</plateNumber>
        <kilometers>201507</kilometers>
        <engine>1.6</engine>
        <carType>sport</carType>
    </cars>
    <cars>
        <carMake>Toyota</carMake>
        <carModel>Camry</carModel>
        <year>2005</year>
        <plateNumber>ZF3171WF</plateNumber>
        <kilometers>123980</kilometers>
        <engine>2.4</engine>
        <carType>coupe</carType>
    </cars>
    <cars>
        <carMake>Cadillac</carMake>
        <carModel>Seville</carModel>
        <year>1999</year>
        <plateNumber>UK9410PK</plateNumber>
        <kilometers>213203</kilometers>
        <engine>1.8</engine>
        <carType>SUV</carType>
    </cars>
    <cars>
        <carMake>Mercedes-Benz</carMake>
        <carModel>300D</carModel>
        <year>1992</year>
        <plateNumber>US9174IC</plateNumber>
        <kilometers>321364</kilometers>
        <engine>1.7</engine>
        <carType>SUV</carType>
    </cars>
    <cars>
        <carMake>Porsche</carMake>
        <carModel>Boxster</carModel>
        <year>1999</year>
        <plateNumber>DO1002GC</plateNumber>
        <kilometers>186911</kilometers>
        <engine>2.1</engine>
        <carType>coupe</carType>
    </cars>
    <cars>
        <carMake>Ford</carMake>
        <carModel>Taurus</carModel>
        <year>2002</year>
        <plateNumber>RW8495UI</plateNumber>
        <kilometers>325578</kilometers>
        <engine>2</engine>
        <carType>SUV</carType>
    </cars>
    <cars>
        <carMake>Mercury</carMake>
        <carModel>Monterey</carModel>
        <year>2007</year>
        <plateNumber>OH1547FN</plateNumber>
        <kilometers>229310</kilometers>
        <engine>1.8</engine>
        <carType>coupe</carType>
    </cars>
    <cars>
        <carMake>Chevrolet</carMake>
        <carModel>Classic</carModel>
        <year>2004</year>
        <plateNumber>JS7873UP</plateNumber>
        <kilometers>74094</kilometers>
        <engine>1.2</engine>
        <carType>SUV</carType>
    </cars>
    <cars>
        <carMake>Acura</carMake>
        <carModel>TL</carModel>
        <year>1997</year>
        <plateNumber>ZV6416LD</plateNumber>
        <kilometers>74973</kilometers>
        <engine>1.6</engine>
        <carType>sport</carType>
    </cars>
    <cars>
        <carMake>Ford</carMake>
        <carModel>Thunderbird</carModel>
        <year>1958</year>
        <plateNumber>RB2042CD</plateNumber>
        <kilometers>307420</kilometers>
        <engine>1.7</engine>
        <carType>sport</carType>
    </cars>
    <cars>
        <carMake>Chrysler</carMake>
        <carModel>Town &amp; Country</carModel>
        <year>2008</year>
        <plateNumber>DR2107JJ</plateNumber>
        <kilometers>187731</kilometers>
        <engine>1.8</engine>
        <carType>SUV</carType>
    </cars>
    <cars>
        <carMake>Eagle</carMake>
        <carModel>Premier</carModel>
        <year>1992</year>
        <plateNumber>WQ5606QL</plateNumber>
        <kilometers>340912</kilometers>
        <engine>2.7</engine>
        <carType>SUV</carType>
    </cars>
    <cars>
        <carMake>Mercury</carMake>
        <carModel>Mystique</carModel>
        <year>2000</year>
        <plateNumber>MT2425FL</plateNumber>
        <kilometers>147516</kilometers>
        <engine>1.2</engine>
        <carType>SUV</carType>
    </cars>
    <cars>
        <carMake>Saturn</carMake>
        <carModel>S-Series</carModel>
        <year>1994</year>
        <plateNumber>OK2850BL</plateNumber>
        <kilometers>130635</kilometers>
        <engine>1.4</engine>
        <carType>SUV</carType>
    </cars>
    <cars>
        <carMake>Audi</carMake>
        <carModel>A3</carModel>
        <year>2012</year>
        <plateNumber>KS5942FO</plateNumber>
        <kilometers>326560</kilometers>
        <engine>2.5</engine>
        <carType>sport</carType>
    </cars>
    <cars>
        <carMake>Oldsmobile</carMake>
        <carModel>98</carModel>
        <year>1996</year>
        <plateNumber>NC2758LU</plateNumber>
        <kilometers>135976</kilometers>
        <engine>2.7</engine>
        <carType>SUV</carType>
    </cars>
    <cars>
        <carMake>Ford</carMake>
        <carModel>F250</carModel>
        <year>1994</year>
        <plateNumber>PW5566PE</plateNumber>
        <kilometers>245471</kilometers>
        <engine>1.7</engine>
        <carType>coupe</carType>
    </cars>
    <cars>
        <carMake>Dodge</carMake>
        <carModel>Viper</carModel>
        <year>2003</year>
        <plateNumber>YB6633TB</plateNumber>
        <kilometers>228694</kilometers>
        <engine>2.5</engine>
        <carType>SUV</carType>
    </cars>
    <cars>
        <carMake>Suzuki</carMake>
        <carModel>Swift</carModel>
        <year>1996</year>
        <plateNumber>ZJ0515MD</plateNumber>
        <kilometers>297765</kilometers>
        <engine>1.5</engine>
        <carType>SUV</carType>
    </cars>
    <cars>
        <carMake>Ford</carMake>
        <carModel>Contour</carModel>
        <year>1996</year>
        <plateNumber>YK9763RM</plateNumber>
        <kilometers>275850</kilometers>
        <engine>2</engine>
        <carType>coupe</carType>
    </cars>
    <cars>
        <carMake>Subaru</carMake>
        <carModel>Legacy</carModel>
        <year>1990</year>
        <plateNumber>IL2040FU</plateNumber>
        <kilometers>63521</kilometers>
        <engine>1.7</engine>
        <carType>SUV</carType>
    </cars>
    <cars>
        <carMake>Ford</carMake>
        <carModel>Taurus</carModel>
        <year>1989</year>
        <plateNumber>NO2142WE</plateNumber>
        <kilometers>304729</kilometers>
        <engine>2.8</engine>
        <carType>SUV</carType>
    </cars>
    <cars>
        <carMake>Saturn</carMake>
        <carModel>S-Series</carModel>
        <year>2000</year>
        <plateNumber>HZ9391FQ</plateNumber>
        <kilometers>342026</kilometers>
        <engine>2.5</engine>
        <carType>SUV</carType>
    </cars>
    <cars>
        <carMake>Land Rover</carMake>
        <carModel>Defender</carModel>
        <year>1995</year>
        <plateNumber>LI0756ZY</plateNumber>
        <kilometers>159828</kilometers>
        <engine>1.8</engine>
        <carType>sport</carType>
    </cars>
    <cars>
        <carMake>Lexus</carMake>
        <carModel>ES</carModel>
        <year>1991</year>
        <plateNumber>PA5282BB</plateNumber>
        <kilometers>192181</kilometers>
        <engine>2.3</engine>
        <carType>SUV</carType>
    </cars>
    <cars>
        <carMake>Mercedes-Benz</carMake>
        <carModel>S-Class</carModel>
        <year>2010</year>
        <plateNumber>ZH0774CM</plateNumber>
        <kilometers>153376</kilometers>
        <engine>1.4</engine>
        <carType>coupe</carType>
    </cars>
    <cars>
        <carMake>Buick</carMake>
        <carModel>Riviera</carModel>
        <year>1990</year>
        <plateNumber>ZM0100FC</plateNumber>
        <kilometers>300989</kilometers>
        <engine>1.5</engine>
        <carType>SUV</carType>
    </cars>
    <cars>
        <carMake>BMW</carMake>
        <carModel>330</carModel>
        <year>2006</year>
        <plateNumber>UF3717DF</plateNumber>
        <kilometers>230789</kilometers>
        <engine>1.3</engine>
        <carType>sport</carType>
    </cars>
    <cars>
        <carMake>Ford</carMake>
        <carModel>Ccarn Victoria</carModel>
        <year>2010</year>
        <plateNumber>RS1843KR</plateNumber>
        <kilometers>83544</kilometers>
        <engine>1.6</engine>
        <carType>SUV</carType>
    </cars>
    <cars>
        <carMake>Mazda</carMake>
        <carModel>Miata MX-5</carModel>
        <year>2002</year>
        <plateNumber>TR5478LV</plateNumber>
        <kilometers>200186</kilometers>
        <engine>1.3</engine>
        <carType>SUV</carType>
    </cars>
    <cars>
        <carMake>Chevrolet</carMake>
        <carModel>Aveo</carModel>
        <year>2004</year>
        <plateNumber>SR7336QN</plateNumber>
        <kilometers>66424</kilometers>
        <engine>1.8</engine>
        <carType>SUV</carType>
    </cars>
    <cars>
        <carMake>Volvo</carMake>
        <carModel>V40</carModel>
        <year>2004</year>
        <plateNumber>SZ6904VG</plateNumber>
        <kilometers>344602</kilometers>
        <engine>2.7</engine>
        <carType>SUV</carType>
    </cars>
    <cars>
        <carMake>Lamborghini</carMake>
        <carModel>Murciélago</carModel>
        <year>2005</year>
        <plateNumber>UK2725DW</plateNumber>
        <kilometers>341948</kilometers>
        <engine>1.3</engine>
        <carType>sport</carType>
    </cars>
    <cars>
        <carMake>Chevrolet</carMake>
        <carModel>Metro</carModel>
        <year>1999</year>
        <plateNumber>OI5188SL</plateNumber>
        <kilometers>61679</kilometers>
        <engine>2.6</engine>
        <carType>coupe</carType>
    </cars>
    <cars>
        <carMake>Chevrolet</carMake>
        <carModel>Monza</carModel>
        <year>1975</year>
        <plateNumber>LA5734TF</plateNumber>
        <kilometers>337537</kilometers>
        <engine>1.1</engine>
        <carType>SUV</carType>
    </cars>
    <cars>
        <carMake>Toyota</carMake>
        <carModel>Avalon</carModel>
        <year>1998</year>
        <plateNumber>XN1625CY</plateNumber>
        <kilometers>136503</kilometers>
        <engine>1.5</engine>
        <carType>SUV</carType>
    </cars>
    <cars>
        <carMake>Chevrolet</carMake>
        <carModel>Express</carModel>
        <year>2011</year>
        <plateNumber>NB2364LM</plateNumber>
        <kilometers>248361</kilometers>
        <engine>2.2</engine>
        <carType>coupe</carType>
    </cars>
    <cars>
        <carMake>Buick</carMake>
        <carModel>Regal</carModel>
        <year>2011</year>
        <plateNumber>DV9585ZB</plateNumber>
        <kilometers>334318</kilometers>
        <engine>1.9</engine>
        <carType>sport</carType>
    </cars>
    <cars>
        <carMake>Pontiac</carMake>
        <carModel>Grand Prix</carModel>
        <year>1978</year>
        <plateNumber>HY2275OK</plateNumber>
        <kilometers>183863</kilometers>
        <engine>1.9</engine>
        <carType>sport</carType>
    </cars>
    <cars>
        <carMake>Lexus</carMake>
        <carModel>GS</carModel>
        <year>2013</year>
        <plateNumber>XD9829VM</plateNumber>
        <kilometers>102040</kilometers>
        <engine>2.9</engine>
        <carType>SUV</carType>
    </cars>
    <cars>
        <carMake>Chevrolet</carMake>
        <carModel>3500</carModel>
        <year>1995</year>
        <plateNumber>XA0841AV</plateNumber>
        <kilometers>144491</kilometers>
        <engine>1</engine>
        <carType>sport</carType>
    </cars>
    <cars>
        <carMake>Volkswagen</carMake>
        <carModel>rio</carModel>
        <year>2001</year>
        <plateNumber>GY3892UT</plateNumber>
        <kilometers>336105</kilometers>
        <engine>2.2</engine>
        <carType>coupe</carType>
    </cars>
    <cars>
        <carMake>Oldsmobile</carMake>
        <carModel>88</carModel>
        <year>1994</year>
        <plateNumber>BC6947OP</plateNumber>
        <kilometers>235480</kilometers>
        <engine>2.7</engine>
        <carType>coupe</carType>
    </cars>
    <cars>
        <carMake>Mercury</carMake>
        <carModel>Marquis</carModel>
        <year>1986</year>
        <plateNumber>JI8310JU</plateNumber>
        <kilometers>337301</kilometers>
        <engine>1.1</engine>
        <carType>sport</carType>
    </cars>
    <cars>
        <carMake>Chrysler</carMake>
        <carModel>PT Cruiser</carModel>
        <year>2008</year>
        <plateNumber>IB2943GQ</plateNumber>
        <kilometers>340535</kilometers>
        <engine>2.3</engine>
        <carType>SUV</carType>
    </cars>
    <cars>
        <carMake>Ford</carMake>
        <carModel>Escort</carModel>
        <year>2000</year>
        <plateNumber>BQ1188LC</plateNumber>
        <kilometers>183738</kilometers>
        <engine>2.4</engine>
        <carType>SUV</carType>
    </cars>
    <cars>
        <carMake>Pontiac</carMake>
        <carModel>1000</carModel>
        <year>1986</year>
        <plateNumber>ZZ7383KD</plateNumber>
        <kilometers>292464</kilometers>
        <engine>1.6</engine>
        <carType>coupe</carType>
    </cars>
    <cars>
        <carMake>Maserati</carMake>
        <carModel>Spyder</carModel>
        <year>2003</year>
        <plateNumber>YO8687IZ</plateNumber>
        <kilometers>269339</kilometers>
        <engine>2.8</engine>
        <carType>sport</carType>
    </cars>
    <cars>
        <carMake>Audi</carMake>
        <carModel>riolet</carModel>
        <year>1994</year>
        <plateNumber>PE5788XD</plateNumber>
        <kilometers>105759</kilometers>
        <engine>2.8</engine>
        <carType>SUV</carType>
    </cars>
    <cars>
        <carMake>Volkswagen</carMake>
        <carModel>Golf</carModel>
        <year>1976</year>
        <plateNumber>EM6779EM</plateNumber>
        <kilometers>76570</kilometers>
        <engine>1.2</engine>
        <carType>sport</carType>
    </cars>
    <cars>
        <carMake>Cadillac</carMake>
        <carModel>Escalade</carModel>
        <year>2007</year>
        <plateNumber>BX4457SK</plateNumber>
        <kilometers>332063</kilometers>
        <engine>2.7</engine>
        <carType>coupe</carType>
    </cars>
    <cars>
        <carMake>Acura</carMake>
        <carModel>MDX</carModel>
        <year>2005</year>
        <plateNumber>RP6935RD</plateNumber>
        <kilometers>307712</kilometers>
        <engine>1.1</engine>
        <carType>SUV</carType>
    </cars>
    <cars>
        <carMake>Porsche</carMake>
        <carModel>Cayman</carModel>
        <year>2009</year>
        <plateNumber>FT6932WO</plateNumber>
        <kilometers>250357</kilometers>
        <engine>1</engine>
        <carType>SUV</carType>
    </cars>
    <cars>
        <carMake>Chevrolet</carMake>
        <carModel>HHR</carModel>
        <year>2008</year>
        <plateNumber>MQ2420XK</plateNumber>
        <kilometers>341940</kilometers>
        <engine>2.4</engine>
        <carType>coupe</carType>
    </cars>
    <cars>
        <carMake>Mazda</carMake>
        <carModel>MX-3</carModel>
        <year>1994</year>
        <plateNumber>GE7620MQ</plateNumber>
        <kilometers>146622</kilometers>
        <engine>2</engine>
        <carType>sport</carType>
    </cars>
    <cars>
        <carMake>BMW</carMake>
        <carModel>M3</carModel>
        <year>1996</year>
        <plateNumber>PT0949YN</plateNumber>
        <kilometers>249311</kilometers>
        <engine>2.7</engine>
        <carType>coupe</carType>
    </cars>
    <cars>
        <carMake>Audi</carMake>
        <carModel>S6</carModel>
        <year>2007</year>
        <plateNumber>LZ1999SO</plateNumber>
        <kilometers>242361</kilometers>
        <engine>2.6</engine>
        <carType>sport</carType>
    </cars>
    <cars>
        <carMake>Chrysler</carMake>
        <carModel>Sebring</carModel>
        <year>2010</year>
        <plateNumber>WD4020WP</plateNumber>
        <kilometers>265466</kilometers>
        <engine>1.8</engine>
        <carType>sport</carType>
    </cars>
    <cars>
        <carMake>Jaguar</carMake>
        <carModel>XJ</carModel>
        <year>2007</year>
        <plateNumber>PW6588ST</plateNumber>
        <kilometers>182327</kilometers>
        <engine>1.6</engine>
        <carType>coupe</carType>
    </cars>
    <cars>
        <carMake>Honda</carMake>
        <carModel>Prelude</carModel>
        <year>2000</year>
        <plateNumber>IW9220QZ</plateNumber>
        <kilometers>110807</kilometers>
        <engine>1.9</engine>
        <carType>sport</carType>
    </cars>
    <cars>
        <carMake>Toyota</carMake>
        <carModel>Tacoma</carModel>
        <year>2005</year>
        <plateNumber>MR1786ZG</plateNumber>
        <kilometers>103752</kilometers>
        <engine>2.8</engine>
        <carType>coupe</carType>
    </cars>
    <cars>
        <carMake>Toyota</carMake>
        <carModel>Camry</carModel>
        <year>2010</year>
        <plateNumber>TO1407ZT</plateNumber>
        <kilometers>319292</kilometers>
        <engine>2.4</engine>
        <carType>coupe</carType>
    </cars>
    <cars>
        <carMake>Mercedes-Benz</carMake>
        <carModel>SL-Class</carModel>
        <year>1993</year>
        <plateNumber>MD9630WK</plateNumber>
        <kilometers>86912</kilometers>
        <engine>2.5</engine>
        <carType>coupe</carType>
    </cars>
    <cars>
        <carMake>Pontiac</carMake>
        <carModel>Grand Prix</carModel>
        <year>1981</year>
        <plateNumber>JK1993AO</plateNumber>
        <kilometers>260628</kilometers>
        <engine>2.4</engine>
        <carType>coupe</carType>
    </cars>
    <cars>
        <carMake>Dodge</carMake>
        <carModel>Challenger</carModel>
        <year>2010</year>
        <plateNumber>AU3739FZ</plateNumber>
        <kilometers>226423</kilometers>
        <engine>1.4</engine>
        <carType>SUV</carType>
    </cars>
    <cars>
        <carMake>Mazda</carMake>
        <carModel>Miata MX-5</carModel>
        <year>2005</year>
        <plateNumber>CO5040KI</plateNumber>
        <kilometers>267695</kilometers>
        <engine>2.1</engine>
        <carType>coupe</carType>
    </cars>
</cars>
